{"cameraMode":{"drawMode":0,"name":"Shaded","section":"Shading Mode"},"sceneLighting":false,"audioPlay":false,"sceneViewState":{"m_AlwaysRefresh":false,"showFog":true,"showSkybox":false,"showFlares":true,"showImageEffects":true,"showParticleSystems":true,"showVisualEffectGraphs":true,"m_FxEnabled":true},"in2DMode":false,"pivot":{"x":6.786911964416504,"y":-3.0800507068634035,"z":5.035967826843262},"rotation":{"x":0.10262981057167053,"y":-0.006042821798473597,"z":-0.03226575627923012,"w":0.9941864609718323},"size":1.4122047424316407,"orthographic":false}