{"cameraMode":{"drawMode":0,"name":"Shaded","section":"Shading Mode"},"sceneLighting":false,"audioPlay":false,"sceneViewState":{"m_AlwaysRefresh":false,"showFog":true,"showSkybox":false,"showFlares":true,"showImageEffects":true,"showParticleSystems":true,"showVisualEffectGraphs":true,"m_FxEnabled":true},"in2DMode":false,"pivot":{"x":-0.08247669786214829,"y":0.6712904572486877,"z":-1.779433250427246},"rotation":{"x":0.29839444160461428,"y":0.6520774364471436,"z":-0.3118697702884674,"w":0.6233118772506714},"size":0.22226352989673615,"orthographic":false}